"","category","reviewer","review","date","ratings"
"1","Whey Protein",NA,NA,NA,NA
"2","Whey Protein",NA,NA,NA,NA
"3","Whey Protein",NA,NA,NA,NA
"4","Whey Protein",NA,NA,NA,NA
"5","Whey Protein",NA,NA,NA,NA
"6","Whey Protein",NA,NA,NA,NA
"7","Whey Protein",NA,NA,NA,NA
"8","Whey Protein",NA,NA,NA,NA
"9","Whey Protein",NA,NA,NA,NA
"10","Whey Protein",NA,NA,NA,NA
"11","Whey Protein",NA,NA,NA,NA
"12","Whey Protein",NA,NA,NA,NA
"13","Whey Protein",NA,NA,NA,NA
"14","Whey Protein",NA,NA,NA,NA
"15","Whey Protein",NA,NA,NA,NA
"16","Whey Protein",NA,NA,NA,NA
"17","Whey Protein",NA,NA,NA,NA
"18","Whey Protein",NA,NA,NA,NA
"19","Whey Protein",NA,NA,NA,NA
"20","Whey Protein",NA,NA,NA,NA
"21","Whey Protein",NA,NA,NA,NA
"22","Whey Protein",NA,NA,NA,NA
"23","Whey Protein",NA,NA,NA,NA
"24","Whey Protein",NA,NA,NA,NA
"25","Whey Protein",NA,NA,NA,NA
"26","Whey Protein",NA,NA,NA,NA
"27","Whey Protein",NA,NA,NA,NA
"28","Whey Protein",NA,NA,NA,NA
"29","Whey Protein",NA,NA,NA,NA
"30","Whey Protein",NA,NA,NA,NA
"31","Whey Protein",NA,NA,NA,NA
"32","Whey Protein",NA,NA,NA,NA
"33","Whey Protein",NA,NA,NA,NA
"34","Whey Protein",NA,NA,NA,NA
"35","Whey Protein",NA,NA,NA,NA
"36","Whey Protein",NA,NA,NA,NA
"37","Whey Protein",NA,NA,NA,NA
"38","Whey Protein",NA,NA,NA,NA
"39","Whey Protein",NA,NA,NA,NA
"40","Whey Protein",NA,NA,NA,NA
"41","Whey Protein",NA,NA,NA,NA
"42","Whey Protein",NA,NA,NA,NA
"43","Whey Protein",NA,NA,NA,NA
"44","Whey Protein",NA,NA,NA,NA
"45","Whey Protein",NA,NA,NA,NA
"46","Whey Protein",NA,NA,NA,NA
"47","Whey Protein",NA,NA,NA,NA
"48","Whey Protein",NA,NA,NA,NA
"49","Whey Protein",NA,NA,NA,NA
"50","Whey Protein",NA,NA,NA,NA
"51","Whey Protein",NA,NA,NA,NA
"52","Whey Protein",NA,NA,NA,NA
"53","Whey Protein",NA,NA,NA,NA
"54","Whey Protein",NA,NA,NA,NA
"55","Whey Protein",NA,NA,NA,NA
"56","Whey Protein",NA,NA,NA,NA
"57","Whey Protein",NA,NA,NA,NA
"58","Whey Protein",NA,NA,NA,NA
"59","Whey Protein",NA,NA,NA,NA
"60","Whey Protein",NA,NA,NA,NA
"61","Whey Protein",NA,NA,NA,NA
"62","Whey Protein",NA,NA,NA,NA
"63","Whey Protein",NA,NA,NA,NA
"64","Whey Protein",NA,NA,NA,NA
"65","Whey Protein",NA,NA,NA,NA
"66","Whey Protein",NA,NA,NA,NA
"67","Whey Protein",NA,NA,NA,NA
"68","Whey Protein",NA,NA,NA,NA
"69","Whey Protein",NA,NA,NA,NA
"70","Whey Protein",NA,NA,NA,NA
"71","Whey Protein",NA,NA,NA,NA
"72","Whey Protein",NA,NA,NA,NA
"73","Whey Protein",NA,NA,NA,NA
"74","Whey Protein",NA,NA,NA,NA
"75","Whey Protein",NA,NA,NA,NA
"76","Whey Protein",NA,NA,NA,NA
"77","Whey Protein",NA,NA,NA,NA
"78","Whey Protein",NA,NA,NA,NA
"79","Whey Protein",NA,NA,NA,NA
"80","Whey Protein",NA,NA,NA,NA
"81","Whey Protein",NA,NA,NA,NA
"82","Whey Protein",NA,NA,NA,NA
"83","Whey Protein",NA,NA,NA,NA
"84","Whey Protein",NA,NA,NA,NA
"85","Whey Protein",NA,NA,NA,NA
"86","Whey Protein",NA,NA,NA,NA
"87","Whey Protein",NA,NA,NA,NA
"88","Whey Protein",NA,NA,NA,NA
"89","Whey Protein",NA,NA,NA,NA
"90","Whey Protein",NA,NA,NA,NA
"91","Whey Protein",NA,NA,NA,NA
"92","Whey Protein",NA,NA,NA,NA
"93","Whey Protein",NA,NA,NA,NA
"94","Whey Protein",NA,NA,NA,NA
"95","Whey Protein",NA,NA,NA,NA
"96","Whey Protein",NA,NA,NA,NA
"97","Whey Protein",NA,NA,NA,NA
"98","Whey Protein",NA,NA,NA,NA
"99","Whey Protein",NA,NA,NA,NA
"100","Whey Protein",NA,NA,NA,NA
"101","Slides",NA,NA,NA,NA
"102","Slides",NA,NA,NA,NA
"103","Slides",NA,NA,NA,NA
"104","Slides",NA,NA,NA,NA
"105","Slides",NA,NA,NA,NA
"106","Slides",NA,NA,NA,NA
"107","Slides",NA,NA,NA,NA
"108","Slides",NA,NA,NA,NA
"109","Slides",NA,NA,NA,NA
"110","Slides",NA,NA,NA,NA
"111","Slides",NA,NA,NA,NA
"112","Slides",NA,NA,NA,NA
"113","Slides",NA,NA,NA,NA
"114","Slides",NA,NA,NA,NA
"115","Slides",NA,NA,NA,NA
"116","Slides",NA,NA,NA,NA
"117","Slides",NA,NA,NA,NA
"118","Slides",NA,NA,NA,NA
"119","Slides",NA,NA,NA,NA
"120","Slides",NA,NA,NA,NA
"121","Slides",NA,NA,NA,NA
"122","Slides",NA,NA,NA,NA
"123","Slides",NA,NA,NA,NA
"124","Slides",NA,NA,NA,NA
"125","Slides",NA,NA,NA,NA
"126","Slides",NA,NA,NA,NA
"127","Slides",NA,NA,NA,NA
"128","Slides",NA,NA,NA,NA
"129","Slides",NA,NA,NA,NA
"130","Slides",NA,NA,NA,NA
